{
  "model_id": "46a94399-66ad-4d00-a05e-39483658576d",
  "model_name": "random_forest",
  "task_type": "classification",
  "model_variant": "RandomForestClassifier",
  "features": [
    "Prev_Sem_Result",
    "CGPA",
    "Academic_Performance",
    "IQ"
  ],
  "target": "Placement_encoded",
  "hyperparams": {},
  "original_hyperparams": {
    "task_type": "classification",
    "model_variant": "RandomForestClassifier"
  },
  "metrics": {
    "accuracy": 0.8710644677661169,
    "precision": 0.8574221986620076,
    "recall": 0.8710644677661169,
    "f1_score": 0.8535472931671059,
    "confusion_matrix": [
      [
        1620,
        49
      ],
      [
        209,
        123
      ]
    ],
    "roc_auc": 0.8386108845207072,
    "class_report": {
      "0": {
        "precision": 0.8857299070530344,
        "recall": 0.9706411024565608,
        "f1-score": 0.9262435677530018,
        "support": 1669.0
      },
      "1": {
        "precision": 0.7151162790697675,
        "recall": 0.3704819277108434,
        "f1-score": 0.4880952380952381,
        "support": 332.0
      },
      "accuracy": 0.8710644677661169,
      "macro avg": {
        "precision": 0.8004230930614009,
        "recall": 0.6705615150837021,
        "f1-score": 0.7071694029241199,
        "support": 2001.0
      },
      "weighted avg": {
        "precision": 0.8574221986620076,
        "recall": 0.8710644677661169,
        "f1-score": 0.8535472931671059,
        "support": 2001.0
      }
    },
    "num_classes": 2,
    "classes": [
      0,
      1
    ],
    "model_type": "random_forest",
    "problem_type": "classification",
    "task_type": "classification",
    "model_variant": "RandomForestClassifier",
    "model_class": "RandomForestClassifier",
    "hyperparameters": {
      "n_estimators": 100,
      "max_depth": null,
      "min_samples_split": 2,
      "min_samples_leaf": 1,
      "max_features": "sqrt",
      "bootstrap": true,
      "random_state": 42,
      "n_jobs": -1
    },
    "feature_count": 4,
    "training_samples": 8000,
    "test_samples": 2001,
    "n_estimators_used": 100,
    "feature_importance": {
      "IQ": 0.3215676434750041,
      "CGPA": 0.32028647974284974,
      "Prev_Sem_Result": 0.2642421495942072,
      "Academic_Performance": 0.09390372718793899
    },
    "tree_statistics": {
      "avg_tree_depth": 27.59,
      "max_tree_depth": 37,
      "min_tree_depth": 22
    },
    "oob_score": 0.867,
    "performance_summary": {
      "model_type": "classification",
      "overall_performance": "Good",
      "key_metrics": {
        "accuracy": "0.871",
        "f1_score": "0.854"
      }
    },
    "preprocessing": {
      "feature_encoders": true,
      "target_encoder": true,
      "scaled_features": false
    }
  },
  "created_at": "2025-07-27T14:17:05.061020",
  "csv_url": null
}